{
  "random": {
    "reward_mean": -38.62987728150104,
    "reward_std": 1.2523872567682144,
    "yield_mean": 0.9947531139649156,
    "yield_std": 0.0036517362661534435,
    "water_mean_mm": 4175.750044059753,
    "water_std_mm": 78.02683997962495
  },
  "threshold": {
    "reward_mean": -23.796063737686985,
    "reward_std": 1.5939453868421742,
    "yield_mean": 0.9955037344206554,
    "yield_std": 0.003158128743463753,
    "water_mean_mm": 3206.500148963928,
    "water_std_mm": 109.62550786856774
  },
  "dqn": {
    "reward_mean": -42.04016225761401,
    "reward_std": 2.127523140922441,
    "yield_mean": 0.9557053934766713,
    "yield_std": 0.005379413723777401,
    "water_mean_mm": 3255.6666759490968,
    "water_std_mm": 73.86624480418537
  },
  "ppo": {
    "reward_mean": -51.61889934417669,
    "reward_std": 3.2951256945296463,
    "yield_mean": 0.92696710749693,
    "yield_std": 0.00654584415699087,
    "water_mean_mm": 3033.3333333333335,
    "water_std_mm": 83.49983366583565
  },
  "a2c": {
    "reward_mean": -80.95701003421132,
    "reward_std": 1.982859689973282,
    "yield_mean": 0.7912934804306199,
    "yield_std": 0.004890657854029501,
    "water_mean_mm": 1060.5,
    "water_std_mm": 61.985885490166226
  }
}