{
  "random": {
    "reward_mean": -38.30911670701518,
    "reward_std": 1.3582500077151223,
    "yield_mean": 0.9942310049062655,
    "yield_std": 0.003270635231238979,
    "water_mean_mm": 4138.500041770935,
    "water_std_mm": 46.66637010321226
  },
  "threshold": {
    "reward_mean": -23.868019342988863,
    "reward_std": 1.5921325980572631,
    "yield_mean": 0.9946285264384433,
    "yield_std": 0.003386892736726293,
    "water_mean_mm": 3180.000202178955,
    "water_std_mm": 93.91486102593684
  },
  "dqn": {
    "reward_mean": -33.904936876783395,
    "reward_std": 1.9510719220784267,
    "yield_mean": 0.9729954805064346,
    "yield_std": 0.004761356446652657,
    "water_mean_mm": 3197.000088818868,
    "water_std_mm": 102.7991566826288
  },
  "ppo": {
    "reward_mean": -31.619595552667377,
    "reward_std": 2.4223891684016623,
    "yield_mean": 0.968608013697051,
    "yield_std": 0.004663660264997183,
    "water_mean_mm": 2911.5,
    "water_std_mm": 86.22789571826509
  },
  "a2c": {
    "reward_mean": -109.28628849348743,
    "reward_std": 2.468782003934894,
    "yield_mean": 0.6901654844324999,
    "yield_std": 0.006412420789441287,
    "water_mean_mm": 0.0,
    "water_std_mm": 0.0
  }
}