{
  "reward_mean": -32.026355850734326,
  "reward_std": 2.6906798699417527,
  "yield_mean": 0.9667125946104619,
  "yield_std": 0.005274140760408927,
  "water_mean_mm": 2874.25,
  "water_std_mm": 69.07016360194899,
  "algo": "ppo",
  "seed": 42,
  "timesteps": 500000
}