{
  "reward_mean": -42.342431892056155,
  "reward_std": 2.305190080726107,
  "yield_mean": 0.9554171471072564,
  "yield_std": 0.0056976130393318804,
  "water_mean_mm": 3257.7500087738035,
  "water_std_mm": 105.16029323564578,
  "algo": "dqn",
  "seed": 42,
  "timesteps": 200000
}