{
  "reward_mean": -108.73849241054236,
  "reward_std": 1.9557844694046516,
  "yield_mean": 0.6915883314011886,
  "yield_std": 0.005079959660791325,
  "water_mean_mm": 0.0,
  "water_std_mm": 0.0,
  "algo": "a2c",
  "seed": 42,
  "timesteps": 500000
}