{
  "reward_mean": -51.5687408314746,
  "reward_std": 2.733492798453819,
  "yield_mean": 0.9269915005088285,
  "yield_std": 0.005335553978320061,
  "water_mean_mm": 3023.75,
  "water_std_mm": 57.81165539923589,
  "algo": "ppo",
  "seed": 42,
  "timesteps": 200000
}