{
  "reward_mean": -32.75229539169638,
  "reward_std": 1.3909039492692488,
  "yield_mean": 0.9751789191822651,
  "yield_std": 0.003287655469799727,
  "water_mean_mm": 3172.7500903129576,
  "water_std_mm": 96.19608951732839,
  "algo": "dqn",
  "seed": 42,
  "timesteps": 500000
}